,index,group,enemies_slain,gain,player_life,enemy_life,time,index,group,enemies_slain,gain,player_life,enemy_life,time
0,0,1729339432-25372-best_individual,3.0,-118.99999999999963,30.125000000000046,45.0,234.375,0,1729339432-25372-best_individual,3.0,-118.99999999999963,30.125000000000046,45.0,234.375
