,index,group,enemies_slain,gain,player_life,enemy_life,time,index,group,enemies_slain,gain,player_life,enemy_life,time
0,0,1729457863-95275-best_individual,4.0,65.40000000000065,33.17500000000008,25.0,367.875,0,1729457863-95275-best_individual,4.0,65.40000000000065,33.17500000000008,25.0,367.875
